orderId,payment_amount,payment_date,payment_status,order_creation_time,remark,number,price
1,70,2022/6/18 2:58,1,2022/6/18 2:58,,70,1
2,40,2022/6/18 2:59,1,2022/6/18 2:59,,20,2
3,63,2022/6/18 2:59,1,2022/6/18 2:59,,30,2.1
4,100,2022/6/18 2:59,1,2022/6/18 2:59,,50,2
5,516,2022/6/18 2:59,1,2022/6/18 2:59,,120,4.3
6,360,2022/6/18 2:59,1,2022/6/18 2:59,,80,4.5
7,1000,2022/6/18 2:59,1,2022/6/18 2:59,,500,2
8,1000,2022/6/18 2:59,1,2022/6/18 2:59,,50,20
9,1750,2022/6/18 2:59,1,2022/6/18 2:59,,50,35
10,450,2022/6/18 2:59,1,2022/6/18 2:59,,30,15
11,420,2022/6/18 2:59,1,2022/6/18 2:59,,30,14
12,400,2022/6/18 2:59,1,2022/6/18 2:59,,10,40
13,390,2022/6/18 2:59,1,2022/6/18 2:59,,10,39
14,60,2022/6/18 2:59,1,2022/6/18 2:59,,10,6
15,80,2022/6/18 2:59,1,2022/6/18 2:59,,10,8
16,1200,2022/6/18 2:59,1,2022/6/18 2:59,,10,120
17,1300,2022/6/18 2:59,1,2022/6/18 2:59,,10,130
18,12000,2022/6/18 2:59,1,2022/6/18 2:59,,200,60
19,8000,2022/6/18 2:59,1,2022/6/18 2:59,,200,40
20,30,2022/6/18 2:59,1,2022/6/18 2:59,,30,1
21,445,2022/6/18 2:59,1,2022/6/18 2:59,,5,89
22,455,2022/6/18 2:59,1,2022/6/18 2:59,,5,91
23,1800,,2,2022/6/18 2:59,正在犹豫，要不要退单,10,180
